CONDITION_CODE_ID,CODE_TEXT,DETAIL_CODE_TXT,ROW_STATUS_IND
d5555292-ea53-2723-e053-0100007f945f,No Conditions Found,,A
d5555292-ea54-2723-e053-0100007f945f,Wear,,A
d5555292-ea55-2723-e053-0100007f945f,Corrosion,,A
d5555292-ea56-2723-e053-0100007f945f,FOD,,I
d5555292-ea57-2723-e053-0100007f945f,Erosion,,A
d5555292-ea58-2723-e053-0100007f945f,Rubs/Rubbed,,A
d5555292-ea59-2723-e053-0100007f945f,Chipped/Nicked,,A
d5555292-ea5a-2723-e053-0100007f945f,Dirty,,A
d5555292-ea5b-2723-e053-0100007f945f,Spalling,,A
d5555292-ea5c-2723-e053-0100007f945f,Holes,,A
d5555292-ea5d-2723-e053-0100007f945f,Missing Coating,,A
d5555292-ea5e-2723-e053-0100007f945f,Bent/Twisted/Rolled Over,,A
d5555292-ea5f-2723-e053-0100007f945f,Cracks/Cracked,,A
d5555292-ea60-2723-e053-0100007f945f,Burns/Burned,,A
d5555292-ea61-2723-e053-0100007f945f,Coking,,A
d5555292-ea62-2723-e053-0100007f945f,Coated With Metal,,A
d5555292-ea63-2723-e053-0100007f945f,Oxidation,,A
d5555292-ea64-2723-e053-0100007f945f,Pitting,,A
d5555292-ea65-2723-e053-0100007f945f,Dented,,A
d5555292-ea66-2723-e053-0100007f945f,Missing Part/Piece,,A
d5555292-ea67-2723-e053-0100007f945f,Coated With Glass,,A
d5555292-ea68-2723-e053-0100007f945f,TBC Condition,,I
d5555292-ea69-2723-e053-0100007f945f,Plugged/Clogged,,A
d5555292-ea6a-2723-e053-0100007f945f,Sealant Distress,,A
d5555292-ea6b-2723-e053-0100007f945f,Fractured,,A
d5555292-ea6c-2723-e053-0100007f945f,Stripped,,I
d5555292-ea6d-2723-e053-0100007f945f,Discolored,,A
d5555292-ea6e-2723-e053-0100007f945f,Bearing Failure,,I
d5555292-ea6f-2723-e053-0100007f945f,Leaking Fuel,,A
d5555292-ea70-2723-e053-0100007f945f,Leaking Oil,,A
d5555292-ea71-2723-e053-0100007f945f,Torn,,A
d5555292-ea72-2723-e053-0100007f945f,Loose,,A
d5555292-ea73-2723-e053-0100007f945f,Fretting,,A
d5555292-ea74-2723-e053-0100007f945f,Scored/Scratched,,A
d5555292-ea75-2723-e053-0100007f945f,Elongated/Warped,,A
d5555292-ea76-2723-e053-0100007f945f,Missing Sealant,,A
d5555292-ea77-2723-e053-0100007f945f,Binding/Locked,,A
d5555292-ea78-2723-e053-0100007f945f,Squared,,I
d5555292-ea79-2723-e053-0100007f945f,Overheated,,A
d5555292-ea7a-2723-e053-0100007f945f,Melted,,A
d5555292-ea7b-2723-e053-0100007f945f,Life Limit,,A
d5555292-ea7c-2723-e053-0100007f945f,Standard Measurement,,A
d5555292-ea7d-2723-e053-0100007f945f,,,I
d5555292-ea7e-2723-e053-0100007f945f,Short Wires,,A
d5555292-ea7f-2723-e053-0100007f945f,Grooved/Grooves,,A
d5555292-ea80-2723-e053-0100007f945f,Chaffed,,A
d5555292-ea81-2723-e053-0100007f945f,Wrong Configuration,,I
d5555292-ea82-2723-e053-0100007f945f,Adhesive Bond Separation,,I
d5555292-ea83-2723-e053-0100007f945f,Adhesive Squeeze Out,,I
d5555292-ea84-2723-e053-0100007f945f,Bond Surface Damaged,,A
d5555292-ea85-2723-e053-0100007f945f,Bonding Prep Incorrect,,I
d5555292-ea86-2723-e053-0100007f945f,Buckled/Buckling,,A
d5555292-ea87-2723-e053-0100007f945f,Burrs,,A
d5555292-ea88-2723-e053-0100007f945f,Carbon Build-Up,,I
d5555292-ea89-2723-e053-0100007f945f,Damaged,,I
d5555292-ea8a-2723-e053-0100007f945f,Debonded,,A
d5555292-ea8b-2723-e053-0100007f945f,Flatness,,I
d5555292-ea8c-2723-e053-0100007f945f,Gouges/Gouged,,A
d5555292-ea8d-2723-e053-0100007f945f,Grinding/Honing/Polishing Marks,,A
d5555292-ea8e-2723-e053-0100007f945f,Incorrect ID on Part,,A
d5555292-ea8f-2723-e053-0100007f945f,Loose Insert,,A
d5555292-ea90-2723-e053-0100007f945f,Loose Pin Plugs,,A
d5555292-ea91-2723-e053-0100007f945f,Loose Rivets,,A
d5555292-ea92-2723-e053-0100007f945f,NDI Indications,,A
d5555292-ea93-2723-e053-0100007f945f,Reworked,,I
d5555292-ea94-2723-e053-0100007f945f,Scuffs/Scuffed,,A
d5555292-ea95-2723-e053-0100007f945f,Shifted/Rotated/Misaligned,,A
d5555292-ea96-2723-e053-0100007f945f,Split Line Mismatch,,A
d5555292-ea97-2723-e053-0100007f945f,Surface Finish Unacceptable,,A
d5555292-ea98-2723-e053-0100007f945f,Surface Taper Unacceptable,,A
d5555292-ea99-2723-e053-0100007f945f,Thread Damage,,A
d5555292-ea9a-2723-e053-0100007f945f,Waviness,,I
d5555292-ea9b-2723-e053-0100007f945f,Wind/Storm Damaged,,I
d5555292-ea9c-2723-e053-0100007f945f,Low Power or Torque,,I
d5555292-ea9d-2723-e053-0100007f945f,No Visual Material Defect,,I
d5555292-ea9e-2723-e053-0100007f945f,Returned for Recap/Reset,,I
d5555292-ea9f-2723-e053-0100007f945f,Internal Failure,,A
d5555292-eaa0-2723-e053-0100007f945f,Torque Error,,I
d5555292-eaa1-2723-e053-0100007f945f,Blade Strike,,I
d5555292-eaa2-2723-e053-0100007f945f,Overspeed,,I
d5555292-eaa3-2723-e053-0100007f945f,Compressor Stall,,I
d5555292-eaa4-2723-e053-0100007f945f,Handling Damage,,I
d5555292-eaa5-2723-e053-0100007f945f,Metal on Magnetic Plug,,A
d5555292-eaa6-2723-e053-0100007f945f,Inconclusive,,I
d5555292-eaa7-2723-e053-0100007f945f,Battle Damage,,I
d5555292-eaa8-2723-e053-0100007f945f,Aircraft Mishap,,I
d5555292-eaa9-2723-e053-0100007f945f,Failed Visual Field Inspection,,I
d5555292-eaaa-2723-e053-0100007f945f,No Defect - Return Caused by Another Module,,I
d5555292-eaab-2723-e053-0100007f945f,Leaking Grease,,A
d5555292-eaac-2723-e053-0100007f945f,Maintenance Induced Failure,,I
d5555292-eaad-2723-e053-0100007f945f,Oil Pressure Incorrect,,A
d5555292-eaae-2723-e053-0100007f945f,Over Torque,,I
d5555292-eaaf-2723-e053-0100007f945f,AOAP - Oil Sample Abnormal,,I
d5555292-eab0-2723-e053-0100007f945f,Overhaul Limit,,A
d5555292-eab1-2723-e053-0100007f945f,Excessive Vibration,,A
d5555292-eab2-2723-e053-0100007f945f,Aircraft Damage,,I
d5555292-eab3-2723-e053-0100007f945f,Flatness Unacceptable,,A
d5555292-eab4-2723-e053-0100007f945f,Wavy Plates,,I
d5555292-eab5-2723-e053-0100007f945f,Thread Damaged,,I
d5555292-eab6-2723-e053-0100007f945f,Damaged Coating,,A
d5555292-eab7-2723-e053-0100007f945f,NO CAUSE FOR RETURN,,I
d5555292-eab8-2723-e053-0100007f945f,LEAKING FLUID,,I
d5555292-eab9-2723-e053-0100007f945f,Bonding Prep,,I
d5555292-eaba-2723-e053-0100007f945f,OIL LEAKS,,I
d5555292-eabb-2723-e053-0100007f945f,SPLINE CORROSION,,I
d5555292-eabc-2723-e053-0100007f945f,ACCESSORY CLUTCH RETIREMENT,,I
d5555292-eabd-2723-e053-0100007f945f,Torque Stiction,,A
d5555292-eabe-2723-e053-0100007f945f,FOREIGN OBJECT DAMAGE,,I
d5555292-eabf-2723-e053-0100007f945f,HIGH VIBRATION,,I
d5555292-eac0-2723-e053-0100007f945f,QDR EXHIBIT,,I
d5555292-eac1-2723-e053-0100007f945f,OVERTEMP,,I
d5555292-eac2-2723-e053-0100007f945f,OVERTEMPERATURE,,I
d5555292-eac3-2723-e053-0100007f945f,Failed Continuity Check,,A
d5555292-eac4-2723-e053-0100007f945f,Damaged Thread Holes,,I
d5555292-eac5-2723-e053-0100007f945f,Damaged Studs/Inserts,,A
d5555292-eac6-2723-e053-0100007f945f,Clipped,,A
d5555292-eac7-2723-e053-0100007f945f,Leaking Fluid,,A
d5555292-eac8-2723-e053-0100007f945f,Dimension Out of Limit,,A
d5555292-eac9-2723-e053-0100007f945f,INPUT FLANGE LEAK,,I
d5555292-eaca-2723-e053-0100007f945f,OUTPUT SHAFT LEAK,,I
d5555292-eacb-2723-e053-0100007f945f,REMOVED FOR TIME CHANGE,,I
d5555292-eacc-2723-e053-0100007f945f,INPUT FLANGE WEAR,,I
d5555292-eacd-2723-e053-0100007f945f,HOUSING LEAK,,I
d5555292-eace-2723-e053-0100007f945f,LUBE PUMP FAILURE,,I
d5555292-eacf-2723-e053-0100007f945f,INPUT SHAFT LEAK,,I
d5555292-ead0-2723-e053-0100007f945f,EXTERNAL COMPONENT FAILURE,,I
d5555292-ead1-2723-e053-0100007f945f,ACC COVER OIL LEAK,,I
d5555292-ead2-2723-e053-0100007f945f,WRONG PART INSTALLATION,,I
d5555292-ead3-2723-e053-0100007f945f,TRANSMISSION TBO,,I
d5555292-ead4-2723-e053-0100007f945f,REMOVED FOR SCHEDULED MAINTENANCE,,I
d5555292-ead5-2723-e053-0100007f945f,MOUNT OUT OF TOLERANCE,,I
d5555292-ead6-2723-e053-0100007f945f,STATIC MAST DAMAGE,,I
d5555292-ead7-2723-e053-0100007f945f,OIL LEAKS-B SUMP,,I
d5555292-ead8-2723-e053-0100007f945f,OIL LEAKS-AXIS B,,I
d5555292-ead9-2723-e053-0100007f945f,OIL LEAKS-AXIS G,,I
d5555292-eada-2723-e053-0100007f945f,Oil Consumption Excessive,,A
d5555292-eadb-2723-e053-0100007f945f,OIL PRESSURE INCORRECT,,I
d5555292-eadc-2723-e053-0100007f945f,OIL LEAKS-AXIS E,,I
d5555292-eadd-2723-e053-0100007f945f,BEARING FAILURE-PTO,,I
d5555292-eade-2723-e053-0100007f945f,OIL LEAKS-MAINFRAME,,I
d5555292-eadf-2723-e053-0100007f945f,FUEL LEAKS-LDS SPINDLE,,I
d5555292-eae0-2723-e053-0100007f945f,FUEL LEAKS-PAS SPINDLE,,I
d5555292-eae1-2723-e053-0100007f945f,FUEL LEAKS-VG PISTON,,I
d5555292-eae2-2723-e053-0100007f945f,FUEL LEAKS,,I
d5555292-eae3-2723-e053-0100007f945f,HANDLING DAMAGE-AXIS G,,I
d5555292-eae4-2723-e053-0100007f945f,HIGH TIME-S2ACP,,I
d5555292-eae5-2723-e053-0100007f945f,TIME CHANGE,,I
d5555292-eae6-2723-e053-0100007f945f,Life Limit,,I
d5555292-eae7-2723-e053-0100007f945f,BLADE STRIKE,,I
d5555292-eae8-2723-e053-0100007f945f,COMPRESSOR STALL,,I
d5555292-eae9-2723-e053-0100007f945f,Metal on Magnetic Plug,,I
d5555292-eaea-2723-e053-0100007f945f,Leaking Oil,,I
d5555292-eaeb-2723-e053-0100007f945f,RETURNED FOR RECAP/RESET,,I
d5555292-eaec-2723-e053-0100007f945f,Torque Stiction,,I
d5555292-eaed-2723-e053-0100007f945f,HANDLING DAMAGE,,I
d5555292-eaee-2723-e053-0100007f945f,Contamination,,I
d5555292-eaef-2723-e053-0100007f945f,HIGH VIBRATION,,I
d5555292-eaf0-2723-e053-0100007f945f,Overheated,,I
d5555292-eaf1-2723-e053-0100007f945f,OIL LEAK AGB FUEL CONTROL DRIVE,,I
d5555292-eaf2-2723-e053-0100007f945f,OIL LEAK AT COMPRESSOR HOUSING,,I
d5555292-eaf3-2723-e053-0100007f945f,OIL LEAK -  #4 AND #5 BEARING,,I
d5555292-eaf4-2723-e053-0100007f945f,FUEL LEAK - HMA,,I
d5555292-eaf5-2723-e053-0100007f945f,FUEL LEAK - STARTER BREATHER,,I
d5555292-eaf6-2723-e053-0100007f945f,OIL LEAK - AGB,,I
d5555292-eaf7-2723-e053-0100007f945f,OIL LEAK - #3 BEARING,,I
d5555292-eaf8-2723-e053-0100007f945f,FAILED THERMOCOUPLE,,I
d5555292-eaf9-2723-e053-0100007f945f,OIL LEAK-PT MODULE,,I
d5555292-eafa-2723-e053-0100007f945f,Recap,,I
d5555292-eafb-2723-e053-0100007f945f,Conversion,,I
d5555292-eafc-2723-e053-0100007f945f,Obsolete,,A
d5555292-eafd-2723-e053-0100007f945f,Replaced due to Conversion,,I
d5555292-eafe-2723-e053-0100007f945f,Replaced due to Recap,,I
d5555292-eaff-2723-e053-0100007f945f,OIL LEAK - A-SUMP,,I
d5555292-eb00-2723-e053-0100007f945f,Leaking Fluid,,I
d5555292-eb01-2723-e053-0100007f945f,OIL LEAK - B-SUMP,,I
d5555292-eb02-2723-e053-0100007f945f,FUEL LEAK - AGB,,I
d5555292-eb03-2723-e053-0100007f945f,Leaking Air,,I
d5555292-eb04-2723-e053-0100007f945f,OIL LEAK - C-SUMP,,I
d5555292-eb05-2723-e053-0100007f945f,STAGE 1 COMPRESSOR EROSION,,I
d5555292-eb06-2723-e053-0100007f945f,OIL LEAK - AGB - AXIS G,,I
d5555292-eb07-2723-e053-0100007f945f,TIME CHANGE - SWIRL PLATE,,I
d5555292-eb08-2723-e053-0100007f945f,Broken Stud(s),,I
d5555292-eb09-2723-e053-0100007f945f,Wrong Part,,I
d5555292-eb0a-2723-e053-0100007f945f,OIL LEAK- #1 AND #2 BEARING,,I
d5555292-eb0b-2723-e053-0100007f945f,N2 Sensor Failure,,I
d5555292-eb0c-2723-e053-0100007f945f,OVER TORQUE,,I
d5555292-eb0d-2723-e053-0100007f945f,OIL COOLER LEAK,,I
d5555292-eb0e-2723-e053-0100007f945f,LOCKING CUP/NUT CORRODED,,I
d5555292-eb0f-2723-e053-0100007f945f,DEBRIS IN OIL,,I
d5555292-eb10-2723-e053-0100007f945f,Erosion,,I
d5555292-eb11-2723-e053-0100007f945f,TIME CHANGE - 2ND STAGE DISK,,I
d5555292-eb12-2723-e053-0100007f945f,TIME CHANGE - 1ST STAGE BLISK,,I
d5555292-eb13-2723-e053-0100007f945f,FOD - Foreign Object Damage,,I
d5555292-eb14-2723-e053-0100007f945f,TIME CHANGE - 3RD DISK,,I
d5555292-eb15-2723-e053-0100007f945f,TIME CHANGE - 4TH DISK,,I
d5555292-eb16-2723-e053-0100007f945f,DIAMETER G OUT OF LIMITS,,I
d5555292-eb17-2723-e053-0100007f945f,TIME CHANGE - PT SHAFT,,I
d5555292-eb18-2723-e053-0100007f945f,Oil Consumption Excessive,,I
d5555292-eb19-2723-e053-0100007f945f,HCF - NO 2 BLISK,,I
d5555292-eb1a-2723-e053-0100007f945f,TIME CHANGE - COMPRESSOR REAR SHAFT,,I
d5555292-eb1b-2723-e053-0100007f945f,TIME CHANGE - GG DRIVE SHAFT,,I
d5555292-eb1c-2723-e053-0100007f945f,TIME CHANGE - 5th Stage Blisk,,I
d5555292-eb1d-2723-e053-0100007f945f,TIME CHANGE - 5TH STAGE BLISK,,I
d5555292-eb1e-2723-e053-0100007f945f,TIME CHANGE - 2ND STAGE BLISK,,I
d5555292-eb1f-2723-e053-0100007f945f,TIME CHANGE - 3/4 STAGE BLISK,,I
d5555292-eb20-2723-e053-0100007f945f,Oil Pressure Incorrect,,I
d5555292-eb21-2723-e053-0100007f945f,Rubs,,I
d5555292-eb22-2723-e053-0100007f945f,Corrosion,,I
d5555292-eb23-2723-e053-0100007f945f,WEAR,,I
d5555292-eb24-2723-e053-0100007f945f,Pitting,,I
d5555292-eb25-2723-e053-0100007f945f,OUTPUT SHAFT SEAL LEAKING,,I
d5555292-eb26-2723-e053-0100007f945f,ACCESSORY CLUTCH RETIREMENT,,I
d5555292-eb27-2723-e053-0100007f945f,TWO SECONDARY ACC DRIVE GEARS,,I
d5555292-eb28-2723-e053-0100007f945f,LEAKING AT CASE HALVES,,I
d5555292-eb29-2723-e053-0100007f945f,FAILED OUTPUT SHAFT STUD SIDEPLAY INSPECTION,,I
d5555292-eb2a-2723-e053-0100007f945f,CORK SEAL LEAKING,,I
d5555292-eb2b-2723-e053-0100007f945f,STATIC MAST SCORED,,I
d5555292-eb2c-2723-e053-0100007f945f,AIRCRAFT MISHAP,,I
d5555292-eb2d-2723-e053-0100007f945f,HOUSING LEAK,,I
d5555292-eb2e-2723-e053-0100007f945f,DUPLEX BALL BEARING FAILURE,,I
d5555292-eb2f-2723-e053-0100007f945f,ROTOR BRAKE SHAFT SEAL LEAKING,,I
d5555292-eb30-2723-e053-0100007f945f,INPUT PINION GEAR TOOTH PITTING,,I
d5555292-eb31-2723-e053-0100007f945f,BATTLE DAMAGE,,I
d5555292-eb32-2723-e053-0100007f945f,OIL LEAK - INPUT,,I
d5555292-eb33-2723-e053-0100007f945f,Burping,,I
d5555292-eb34-2723-e053-0100007f945f,TEST SPECIMEN,,I
d5555292-eb35-2723-e053-0100007f945f,LIGHTNING STRIKE,,I
d5555292-eb36-2723-e053-0100007f945f,Failed Field Functional Test,,I
d5555292-eb37-2723-e053-0100007f945f,TIME CHANGE - IMPELLER,,I
d5555292-eb38-2723-e053-0100007f945f,Inlet Blockage,,I
d5555292-eb39-2723-e053-0100007f945f,EXCESSIVE WEAR ON FAN SHAFT SPLINES,,I
d5555292-eb3a-2723-e053-0100007f945f,TIME CHANGE-2ND STAGE TURBINE DISK,,I
d5555292-eb3b-2723-e053-0100007f945f,TIME CHANGE-1ST STAGE DISK,,I
d5555292-eb3c-2723-e053-0100007f945f,OIL LEAK - MAIN SEAL,,I
d5555292-eb3d-2723-e053-0100007f945f,AOAP - Oil Sample Abnormal,,I
d5555292-eb3e-2723-e053-0100007f945f,CONTROLLED EXCHANGE,,I
d5555292-eb3f-2723-e053-0100007f945f,REMOVED FOR SCHEDULED MAINTENANCE,,I
d5555292-eb40-2723-e053-0100007f945f,Wrong Part or Configuration,,I
d5555292-eb41-2723-e053-0100007f945f,WRONG CONFIGURATION - SPECO,,I
d5555292-eb42-2723-e053-0100007f945f,OVERSPEED,,I
d5555292-eb43-2723-e053-0100007f945f,Coastdown Time Too Brief,,I
d5555292-eb44-2723-e053-0100007f945f,FUEL LEAK - OIL COOLER,,I
d5555292-eb45-2723-e053-0100007f945f,#3 BEARING FAILURE IN PROCESS,,I
d5555292-eb46-2723-e053-0100007f945f,#3 BEARING FAILURE,,I
d5555292-eb47-2723-e053-0100007f945f,Coated-No Corrosion,,I
d5555292-eb48-2723-e053-0100007f945f,Not Coated-No Corrosion,,I
d5555292-eb49-2723-e053-0100007f945f,Not Coated-Corrosion,,I
d5555292-eb4a-2723-e053-0100007f945f,Coated-Corrosion,,I
d5555292-eb4b-2723-e053-0100007f945f,FORWARD/AFT BEARING LIFE LIMIT,,I
d5555292-eb4c-2723-e053-0100007f945f,HIGH TIME PLANETARY CARRIER,,I
d5555292-eb4d-2723-e053-0100007f945f,HIGH TIME MAIN MODULE HOUSING,,I
d5555292-eb4e-2723-e053-0100007f945f,OIL LEAK - HYD PUMP MATING SURFACE,,I
d5555292-eb4f-2723-e053-0100007f945f,GENERATOR STUDS DAMAGED,,I
d5555292-eb50-2723-e053-0100007f945f,HIGH TIME - DOWEL PINS,,I
d5555292-eb51-2723-e053-0100007f945f,ELONGATED OIL FILTER PIN,,I
d5555292-eb52-2723-e053-0100007f945f,Contamination,,A
d5555292-eb53-2723-e053-0100007f945f,Dented,,I
d5555292-eb54-2723-e053-0100007f945f,Gouges/Gouged,,I
d5555292-eb55-2723-e053-0100007f945f,MESSAGE - SOF/ASAM,,I
d5555292-eb56-2723-e053-0100007f945f,Dirty,,I
d5555292-eb57-2723-e053-0100007f945f,DROPPED,,I
d5555292-eb58-2723-e053-0100007f945f,Coated With Metal,,I
d5555292-eb59-2723-e053-0100007f945f,Spalling,,I
d5555292-eb5a-2723-e053-0100007f945f,Cracks/Cracked,,I
d5555292-eb5b-2723-e053-0100007f945f,Missing Part/Piece,,I
d5555292-eb5c-2723-e053-0100007f945f,Fractured,,I
d5555292-eb5d-2723-e053-0100007f945f,Oxidation,,I
d5555292-eb5e-2723-e053-0100007f945f,Carbon Build-up,,A
d5555292-eb5f-2723-e053-0100007f945f,Other,,I
d5555292-eb60-2723-e053-0100007f945f,Thread Damage,,I
d5555292-eb61-2723-e053-0100007f945f,Lack of Lubrication,,I
d5555292-eb62-2723-e053-0100007f945f,Missing Felt Plug,,I
d5555292-eb63-2723-e053-0100007f945f,Grooved/Grooves,,I
d5555292-eb64-2723-e053-0100007f945f,Excessive Play,,I
d5555292-eb65-2723-e053-0100007f945f,Inadequate Preservation,,I
d5555292-eb66-2723-e053-0100007f945f,Bearing Failure in Progress,,I
d5555292-eb67-2723-e053-0100007f945f,Chipped/Nicked,,I
d5555292-eb68-2723-e053-0100007f945f,Failed Torque Repeatability Check,,I
d5555292-eb69-2723-e053-0100007f945f,Coking,,I
d5555292-eb6a-2723-e053-0100007f945f,OIL LEAK - THERMISTOR,,I
d5555292-eb6b-2723-e053-0100007f945f,Loose,,I
d5555292-eb6c-2723-e053-0100007f945f,Fretting,,I
d5555292-eb6d-2723-e053-0100007f945f,OIL LEAK - #2 GEN SEAL,,I
d5555292-eb6e-2723-e053-0100007f945f,OIL LEAK-#1 GEN SEAL,,I
d5555292-eb6f-2723-e053-0100007f945f,OIL LEAK - QUILL SHAFT SEAL,,I
d5555292-eb70-2723-e053-0100007f945f,Rubs/Rubbed,,I
d5555292-eb71-2723-e053-0100007f945f,OIL LEAK - AGB - AXIS B,,I
d5555292-eb72-2723-e053-0100007f945f,Delaminated,,I
d5555292-eb73-2723-e053-0100007f945f,Clipped,,I
d5555292-eb74-2723-e053-0100007f945f,Seal Damage,,I
d5555292-eb75-2723-e053-0100007f945f,Burns/Burned,,I
d5555292-eb76-2723-e053-0100007f945f,Flatness Unacceptable,,I
d5555292-eb77-2723-e053-0100007f945f,Buckled/Buckling,,I
d5555292-eb78-2723-e053-0100007f945f,Scored/Scratched,,I
d5555292-eb79-2723-e053-0100007f945f,Wear,,I
d5555292-eb7a-2723-e053-0100007f945f,Failed Torque Differential Check,,I
d5555292-eb7b-2723-e053-0100007f945f,SEIZED,,I
d5555292-eb7c-2723-e053-0100007f945f,Cracks,,I
d5555292-eb7d-2723-e053-0100007f945f,BROKEN INTERRUPTER TAB,,I
d5555292-eb7e-2723-e053-0100007f945f,Damaged Coating,,I
d5555292-eb7f-2723-e053-0100007f945f,Binding/Locked,,I
d5555292-eb80-2723-e053-0100007f945f,Leaking Fuel,,I
d5555292-eb81-2723-e053-0100007f945f,Noisy,,I
d5555292-eb82-2723-e053-0100007f945f,Improper Installation,,I
d5555292-eb83-2723-e053-0100007f945f,OIL LEAK - DRAIN,,I
d5555292-eb84-2723-e053-0100007f945f,Oil Temperature Incorrect,,I
d5555292-eb85-2723-e053-0100007f945f,FOD - Foreign Object Damage,,A
d5555292-eb86-2723-e053-0100007f945f,Wrong Part or Configuration,,A
d5555292-eb87-2723-e053-0100007f945f,Noisy,,A
d5555292-eb88-2723-e053-0100007f945f,Delaminated,,A
d5555292-eb89-2723-e053-0100007f945f,Broken Stud(s),,A
d5555292-eb8a-2723-e053-0100007f945f,Burping,,A
d5555292-eb8b-2723-e053-0100007f945f,Coastdown Time Too Brief,,A
d5555292-eb8c-2723-e053-0100007f945f,Excessive Play,,A
d5555292-eb8d-2723-e053-0100007f945f,Failed Field Functional Test,,A
d5555292-eb8e-2723-e053-0100007f945f,Failed Torque Differential Check,,A
d5555292-eb8f-2723-e053-0100007f945f,Failed Torque Repeatability Check,,A
d5555292-eb90-2723-e053-0100007f945f,High Vibration - Diagnostics,,A
d5555292-eb91-2723-e053-0100007f945f,Improper Installation,,A
d5555292-eb92-2723-e053-0100007f945f,Inadequate Preservation,,A
d5555292-eb93-2723-e053-0100007f945f,Inlet Blockage,,A
d5555292-eb94-2723-e053-0100007f945f,Lack of Lubrication,,A
d5555292-eb95-2723-e053-0100007f945f,Leaking Air,,A
d5555292-eb96-2723-e053-0100007f945f,Leaking at Case Halves,,A
d5555292-eb97-2723-e053-0100007f945f,Missing Felt Plug,,A
d5555292-eb98-2723-e053-0100007f945f,N2 Sensor Failure,,I
d5555292-eb99-2723-e053-0100007f945f,Oil Temperature Incorrect,,A
d5555292-eb9a-2723-e053-0100007f945f,Seal Damage,,A
d5555292-eb9b-2723-e053-0100007f945f,Adhesive Squeeze Out,,I
d5555292-eb9c-2723-e053-0100007f945f,Bent/Twisted/Rolled Over,,I
d5555292-eb9d-2723-e053-0100007f945f,Bond Surface Damaged,,I
d5555292-eb9e-2723-e053-0100007f945f,Burrs,,I
d5555292-eb9f-2723-e053-0100007f945f,Carbon Build-up,,I
d5555292-eba0-2723-e053-0100007f945f,Chaffed,,I
d5555292-eba1-2723-e053-0100007f945f,Coated With Glass,,I
d5555292-eba2-2723-e053-0100007f945f,Damaged Studs/Inserts,,I
d5555292-eba3-2723-e053-0100007f945f,Damaged Thread Holes,,I
d5555292-eba4-2723-e053-0100007f945f,Debonded,,I
d5555292-eba5-2723-e053-0100007f945f,Dimension Out of Limit,,I
d5555292-eba6-2723-e053-0100007f945f,Discolored,,I
d5555292-eba7-2723-e053-0100007f945f,Elongated/Warped,,I
d5555292-eba8-2723-e053-0100007f945f,Excessive Vibration,,I
d5555292-eba9-2723-e053-0100007f945f,Failed Continuity Check,,I
d5555292-ebaa-2723-e053-0100007f945f,Grinding/Honing/Polishing Marks,,I
d5555292-ebab-2723-e053-0100007f945f,High Vibration - Diagnostics,,I
d5555292-ebac-2723-e053-0100007f945f,Holes,,I
d5555292-ebad-2723-e053-0100007f945f,Incorrect ID on Part,,I
d5555292-ebae-2723-e053-0100007f945f,Internal Failure,,I
d5555292-ebaf-2723-e053-0100007f945f,Leaking at Case Halves,,I
d5555292-ebb0-2723-e053-0100007f945f,Leaking Grease,,I
d5555292-ebb1-2723-e053-0100007f945f,Loose Insert,,I
d5555292-ebb2-2723-e053-0100007f945f,Loose Pin Plugs,,I
d5555292-ebb3-2723-e053-0100007f945f,Loose Rivets,,I
d5555292-ebb4-2723-e053-0100007f945f,Melted,,I
d5555292-ebb5-2723-e053-0100007f945f,Missing Coating,,I
d5555292-ebb6-2723-e053-0100007f945f,Missing Sealant,,I
d5555292-ebb7-2723-e053-0100007f945f,NDI Indications,,I
d5555292-ebb8-2723-e053-0100007f945f,No Conditions Found,,I
d5555292-ebb9-2723-e053-0100007f945f,Obsolete,,I
d5555292-ebba-2723-e053-0100007f945f,Plugged/Clogged,,I
d5555292-ebbb-2723-e053-0100007f945f,Overhaul Limit,,I
d5555292-ebbc-2723-e053-0100007f945f,Scuffs/Scuffed,,I
d5555292-ebbd-2723-e053-0100007f945f,Sealant Distress,,I
d5555292-ebbe-2723-e053-0100007f945f,Shifted/Rotated/Misaligned,,I
d5555292-ebbf-2723-e053-0100007f945f,Short Wires,,I
d5555292-ebc0-2723-e053-0100007f945f,Split Line Mismatch,,I
d5555292-ebc1-2723-e053-0100007f945f,Squared,,I
d5555292-ebc2-2723-e053-0100007f945f,Standard Measurement,,I
d5555292-ebc3-2723-e053-0100007f945f,Surface Finish Unacceptable,,I
d5555292-ebc4-2723-e053-0100007f945f,Surface Taper Unacceptable,,I
d5555292-ebc5-2723-e053-0100007f945f,Torn,,I
d5555292-ebc6-2723-e053-0100007f945f,High Time,,I
d5555292-ebc7-2723-e053-0100007f945f,Broken Studs,,I
d5555292-ebc8-2723-e053-0100007f945f,Oil Sample Abnormal,,A
d5555292-ebc9-2723-e053-0100007f945f,Oil Sample Abnormal,,I
d5555292-ebca-2723-e053-0100007f945f,Thermal Distress,,A
d5555292-ebcb-2723-e053-0100007f945f,Broken Laminate,,A
d5555292-ebcc-2723-e053-0100007f945f,Seized,,A
d5555292-ebcd-2723-e053-0100007f945f,Blistered,,A
d5555292-ebce-2723-e053-0100007f945f,Failed Track and Balance,,A
d5555292-ebcf-2723-e053-0100007f945f,Failed Track and Balance,,I
d5555292-ebd0-2723-e053-0100007f945f,Sealant/Filler Crack,,A
d5555292-ebd1-2723-e053-0100007f945f,Sealant/Filler Crack,,I
d5555292-ebd2-2723-e053-0100007f945f,Short Circuit,,A
d5555292-ebd3-2723-e053-0100007f945f,Short Circuit,,I
d5555292-ebd4-2723-e053-0100007f945f,Failed Peel Test,,A
d5555292-ebd5-2723-e053-0100007f945f,Failed Peel Test,,I
d5555292-ebd6-2723-e053-0100007f945f,Failed Static Balance,,I
